Name;Sample Mean (µj);Standard Deviation(µj);Standard Error (µj);Standard Error (%);Runs
MLApproach/correct_benchmarks/example-of-a-sealed-class_0;425,61;182,54;1,04;0,24%;30920
MLApproach/correct_benchmarks/find-sum-of-all-digits-of-a-given-number_0;458,19;151,20;1,29;0,28%;13838
MLApproach/correct_benchmarks/print-the-integer-values-of-enum-constants_0;456,85;147,27;1,26;0,28%;13630
MLApproach/correct_benchmarks/csharp-program-environment-type_0;488,00;0,00;0,00;0,00%;1000
MLApproach/correct_benchmarks/Combinations_2;948,15;134,14;4,24;0,45%;1000
MLApproach/correct_benchmarks/define-fibonacci-series-write-a-program-to-print-fibonacci-series-in-c-sharp_0;478,49;140,40;1,08;0,23%;16944
MLApproach/correct_benchmarks/N_plus_one_half_0;435,77;172,93;0,96;0,22%;32731
MLApproach/correct_benchmarks/this-reference-in-c-sharpnet-with-example_0;460,71;147,96;1,27;0,28%;13563
MLApproach/correct_benchmarks/Detect_division_by_zero_0;6.008,96;697,60;22,06;0,37%;1000
MLApproach/correct_benchmarks/bitwise-operators-example-in-c-sharp_0;446,31;167,83;1,15;0,26%;21440
MLApproach/correct_benchmarks/csharp-program-concatenate-strings_0;408,97;241,24;1,10;0,27%;48251
MLApproach/correct_benchmarks/csharp-program-add-complex-numbers_0;491,02;144,01;0,41;0,08%;121032
MLApproach/correct_benchmarks/csharp-program-automatic-generation-register-numbers_0;453,67;167,86;1,09;0,24%;23775
MLApproach/correct_benchmarks/how-to-trim-the-string-in-c-sharp-an-example-of-string-trim-method_0;411,29;199,95;1,03;0,25%;37650
MLApproach/correct_benchmarks/csharp-program-length-string_0;424,25;190,39;1,20;0,28%;25103
MLApproach/correct_benchmarks/implement-the-same-method-in-multiple-classes_0;464,39;137,37;1,26;0,27%;11823
MLApproach/correct_benchmarks/csharp-program-create-obsolete-class_0;413,80;190,92;1,03;0,25%;34301
MLApproach/correct_benchmarks/csharp-program-actions_0;492,98;134,22;1,12;0,23%;14377
MLApproach/correct_benchmarks/pad-string-from-left-using-string-padleft-in-c-sharp_0;415,39;211,68;1,35;0,33%;24465
MLApproach/correct_benchmarks/Feigenbaum_constant_calculation_0;819,89;243,72;2,22;0,27%;12106
MLApproach/correct_benchmarks/Delete_a_file_0;2.686,45;285,49;9,03;0,34%;1000
MLApproach/correct_benchmarks/Compile-time_calculation_3;404,75;200,77;0,97;0,24%;42856
MLApproach/correct_benchmarks/explain-cascaded-method-call-in-c-sharp-with-an-example_0;441,21;184,85;0,53;0,12%;121720
MLApproach/correct_benchmarks/Root_mean_square_0;589,27;194,09;1,36;0,23%;20333
MLApproach/correct_benchmarks/demonstrate-the-static-class_0;439,11;174,20;1,04;0,24%;27903
MLApproach/correct_benchmarks/csharp-program-heap-sort_0;765,28;259,14;1,94;0,25%;17870
MLApproach/correct_benchmarks/Array_length_2;413,99;192,16;1,13;0,27%;28921
MLApproach/correct_benchmarks/demonstrate-the-simple-interface_0;439,22;166,45;1,18;0,27%;19828
MLApproach/correct_benchmarks/Factorial_1;433,32;192,53;0,95;0,22%;41041
MLApproach/correct_benchmarks/csharp-program-value-cosx_0;605,40;226,86;1,65;0,27%;18905
MLApproach/correct_benchmarks/default-arguments-in-c-sharp_0;462,81;149,44;0,88;0,19%;28744
MLApproach/correct_benchmarks/Classes_0;444,14;189,13;1,11;0,25%;29145
MLApproach/correct_benchmarks/Continue_0;448,04;180,21;1,13;0,25%;25257
MLApproach/correct_benchmarks/Compile-time_calculation_0;406,80;209,77;1,07;0,26%;38229
MLApproach/correct_benchmarks/find-out-the-leap-years-from-1900-to-1950-in-c-sharp_0;478,55;146,07;1,27;0,27%;13162
MLApproach/correct_benchmarks/reverse-digits-of-a-given-number_0;459,01;187,09;1,66;0,36%;12652
MLApproach/correct_benchmarks/Newline_omission_0;406,51;210,45;1,15;0,28%;33297
MLApproach/correct_benchmarks/Find_the_intersection_of_a_line_with_a_plane_0;610,44;210,66;1,48;0,24%;20187
MLApproach/correct_benchmarks/sizeof-operator-example-in-c-sharp_0;441,09;187,75;1,47;0,33%;16293
MLApproach/correct_benchmarks/method-returning-object-in-c-sharp_0;462,89;142,58;1,20;0,26%;14153
MLApproach/correct_benchmarks/99_bottles_of_beer_0;515,54;223,02;1,69;0,33%;17390
MLApproach/correct_benchmarks/calculate-the-cosine-x-using-a-predefined-method_0;561,43;168,21;1,28;0,23%;17317
MLApproach/correct_benchmarks/type-conversion-from-double-to-int_0;498,30;143,00;1,27;0,26%;12591
MLApproach/correct_benchmarks/csharp-program-Add-timespan_0;451,40;179,28;1,11;0,24%;26310
MLApproach/correct_benchmarks/demonstrate-the-static-constructor_0;430,18;183,13;1,03;0,24%;31830
MLApproach/correct_benchmarks/FizzBuzz_4;465,66;172,17;1,27;0,27%;18428
MLApproach/correct_benchmarks/csharp-program-illustrate-trignometry-radians_0;552,11;164,11;1,27;0,23%;16795
MLApproach/correct_benchmarks/how-to-call-non-trailing-arguments-as-default-argument-in-c-sharp_0;465,65;155,27;0,49;0,11%;100746
MLApproach/correct_benchmarks/csharp-program-create-anonymous_0;449,84;202,04;1,36;0,30%;21966
MLApproach/correct_benchmarks/longlength-property-of-array_0;421,21;191,75;1,00;0,24%;36441
MLApproach/correct_benchmarks/csharp-program-create-generic-delegate_0;495,24;133,84;1,05;0,21%;16241
MLApproach/correct_benchmarks/csharp-program-results-delegates_0;449,74;237,99;1,57;0,35%;22932
MLApproach/correct_benchmarks/Factorial_2;459,50;146,81;1,13;0,25%;16971
MLApproach/correct_benchmarks/Power_set_3;552,48;200,30;1,39;0,25%;20798
MLApproach/correct_benchmarks/demonstrate-the-pragma-preprocessor-directive_0;389,00;212,35;1,13;0,29%;35165
MLApproach/correct_benchmarks/console-write-and-console-writeline-example-in-c-sharp_0;408,15;204,42;1,04;0,26%;38271
MLApproach/correct_benchmarks/Array_length_0;412,08;197,36;0,61;0,15%;104537
MLApproach/correct_benchmarks/example-of-new-keyword_0;442,09;166,54;1,05;0,24%;25256
MLApproach/correct_benchmarks/Pythagorean_quadruples_0;9.336,67;1.179,92;37,31;0,40%;1000
MLApproach/correct_benchmarks/count-the-lines-in-a-given-string_0;474,01;141,28;0,91;0,19%;24014
MLApproach/correct_benchmarks/_0;485,74;131,59;1,11;0,23%;13954
MLApproach/correct_benchmarks/csharp-program-selection-sort_0;597,65;203,55;1,42;0,24%;20449
MLApproach/correct_benchmarks/String_append_0;409,24;206,94;0,27;0,07%;593863
MLApproach/correct_benchmarks/demonstrate-method-overloading-based-on-the-number-of-arguments_0;451,38;159,60;0,98;0,22%;26297
MLApproach/correct_benchmarks/create-an-obsolete-method-in-a-class_0;414,58;191,99;1,10;0,27%;30469
MLApproach/correct_benchmarks/using-string-with-switch-case-statement-in-c-sharp_0;414,74;204,48;0,93;0,22%;48467
MLApproach/correct_benchmarks/check-whether-string-contains-substring-or-not-in-c-sharp_0;418,19;200,03;0,99;0,24%;40920
MLApproach/correct_benchmarks/Encode_0;632,79;259,10;1,44;0,23%;32453
MLApproach/correct_benchmarks/csharp-program-declare-instantiate-delegates_0;427,19;188,95;1,04;0,24%;33207
MLApproach/correct_benchmarks/Top_and_tail_0;423,52;209,71;1,25;0,29%;28190
MLApproach/correct_benchmarks/Repeat_0;509,63;146,70;1,19;0,23%;15097
MLApproach/correct_benchmarks/100_doors_0;593,75;211,15;1,49;0,25%;20130
MLApproach/correct_benchmarks/print-messages-in-c-sharp_0;410,77;197,40;1,01;0,25%;38457
MLApproach/correct_benchmarks/print-pattern-of-0s-and-1s-in-c-sharp_0;456,92;150,30;1,17;0,26%;16586
MLApproach/correct_benchmarks/trim-leading-spaces-of-string-using-string-trimstart-in-c-sharp_0;416,48;192,49;1,01;0,24%;36192
MLApproach/correct_benchmarks/String_interpolation_included_0;411,42;204,29;0,97;0,24%;44214
MLApproach/correct_benchmarks/csharp-program-call-math-operations-delegates_0;669,66;246,66;1,83;0,27%;18203
MLApproach/correct_benchmarks/csharp-program-implement-namespaces_0;419,90;189,93;1,10;0,26%;29612
MLApproach/correct_benchmarks/Logical_operations_0;438,93;178,02;0,90;0,20%;39292
MLApproach/correct_benchmarks/csharp-program-trim-string_0;418,03;192,31;1,08;0,26%;31444
MLApproach/correct_benchmarks/Combinations_with_repetitions_1;538,89;171,23;1,27;0,24%;18265
MLApproach/correct_benchmarks/demonstrate-the-interface_0;497,02;144,70;1,13;0,23%;16378
MLApproach/correct_benchmarks/find-the-addition-of-two-complex-numbers_0;492,78;155,53;0,47;0,10%;109229
MLApproach/correct_benchmarks/example-of-the-right-shift-operator_0;418,56;189,09;1,12;0,27%;28757
MLApproach/correct_benchmarks/program-to-swap-two-numbers-with-and-without-using-third-variable_0;420,72;187,32;0,91;0,22%;41911
MLApproach/correct_benchmarks/demonstrate-the-static-constructor-in-the-structure_0;448,88;258,23;1,52;0,34%;28715
MLApproach/correct_benchmarks/print-a-new-line-example-in-c-sharp_0;420,40;282,69;1,44;0,34%;38418
MLApproach/correct_benchmarks/csharp-program-bubble-sort_0;601,90;217,38;1,55;0,26%;19648
MLApproach/correct_benchmarks/csharp-program-indexoutofrange-exception_0;2.483,76;473,17;5,74;0,23%;6796
MLApproach/correct_benchmarks/define-various-types-of-constants_0;537,72;232,37;1,78;0,33%;16991
MLApproach/correct_benchmarks/99_bottles_of_beer_1;612,18;322,26;2,26;0,37%;20392
MLApproach/correct_benchmarks/100_doors_3;524,60;177,30;0,84;0,16%;44692
MLApproach/correct_benchmarks/csharp-program-replace-string_0;438,16;242,48;1,37;0,31%;31555
MLApproach/correct_benchmarks/demonstrate-the-index-overloading_0;497,02;207,00;1,34;0,27%;23837
MLApproach/correct_benchmarks/Unicode_variable_names_0;419,84;243,39;1,22;0,29%;39993
MLApproach/correct_benchmarks/replace-a-substring-within-a-specified-string_0;427,96;252,35;1,35;0,32%;34964
MLApproach/correct_benchmarks/csharp-program-prints-multiples-17-which-less-than-100_0;456,21;227,94;1,29;0,28%;31276
MLApproach/correct_benchmarks/implement-indexer-for-an-integer-array_0;589,16;208,48;1,48;0,25%;19900
MLApproach/correct_benchmarks/demonstrate-the-obsolete-attribute_0;422,05;208,30;0,98;0,23%;45233
MLApproach/correct_benchmarks/get-the-count-of-total-created-objects_0;452,19;217,94;0,40;0,09%;296689
MLApproach/correct_benchmarks/csharp-program-transactions-interface_0;576,68;224,46;1,29;0,22%;30509
MLApproach/correct_benchmarks/demonstrate-the-clscompliant-attribute_0;417,07;224,98;1,07;0,26%;44195
MLApproach/correct_benchmarks/Arithmetic_mean_1;601,36;208,09;1,43;0,24%;21314
MLApproach/correct_benchmarks/Infinity_0;431,83;234,40;0,93;0,22%;63674
MLApproach/correct_benchmarks/csharp-program-sum-natural-numbers_0;465,56;163,38;1,09;0,23%;22539
MLApproach/correct_benchmarks/c-sharp-program-to-find-out-the-prime-numbers-among-2-to-30_0;500,80;348,80;2,69;0,54%;16790
MLApproach/correct_benchmarks/Josephus_problem_0;687,51;338,72;2,07;0,30%;26875
MLApproach/correct_benchmarks/demonstrate-the-region-preprocessor-directive_0;418,07;247,43;1,50;0,36%;27217
MLApproach/correct_benchmarks/compare-strings-using-equals-method-in-c-sharp_0;436,47;238,85;1,31;0,30%;33047
MLApproach/correct_benchmarks/csharp-program-nullrefernce-exception_0;2.283,72;429,67;5,23;0,23%;6750
MLApproach/correct_benchmarks/implement-multiple-inheritance-using-the-interface_0;495,62;245,27;2,01;0,41%;14892
MLApproach/correct_benchmarks/For_with_a_specified_step_0;468,96;174,48;1,13;0,24%;23777
MLApproach/correct_benchmarks/csharp-program-class-abstract_0;684,54;261,29;1,81;0,26%;20831
MLApproach/correct_benchmarks/print-size-of-various-data-types-in-c-sharp_0;443,54;190,71;1,07;0,24%;31811
MLApproach/correct_benchmarks/csharp-program-insertion-sort_0;692,08;258,90;1,83;0,26%;20054
MLApproach/correct_benchmarks/Variadic_function_0;555,07;231,88;1,71;0,31%;18401
MLApproach/correct_benchmarks/Empty_string_0;415,82;224,30;1,06;0,25%;44974
MLApproach/correct_benchmarks/Factorial_0;483,20;170,94;1,18;0,24%;21119
MLApproach/correct_benchmarks/Text_0;415,77;249,22;1,35;0,33%;33895
MLApproach/correct_benchmarks/how-to-pass-object-as-argument-into-method-in-c-sharp_0;476,63;157,63;1,27;0,27%;15318
MLApproach/correct_benchmarks/String_concatenation_0;427,05;223,47;1,23;0,29%;32862
MLApproach/correct_benchmarks/100_doors_1;542,38;186,34;1,36;0,25%;18832
MLApproach/correct_benchmarks/Greatest_subsequential_sum_0;576,01;196,24;1,41;0,24%;19485
MLApproach/correct_benchmarks/csharp-program-illustrate-trignometry-degrees_0;570,86;238,14;1,75;0,31%;18470
MLApproach/correct_benchmarks/Compile-time_calculation_2;419,94;280,42;1,56;0,37%;32397
MLApproach/correct_benchmarks/implement-multiple-interfaces-in-the-same-class_0;460,02;210,78;1,47;0,32%;20425
MLApproach/correct_benchmarks/example-of-the-left-shift-operator_0;434,92;230,21;1,23;0,28%;34958
MLApproach/correct_benchmarks/csharp-program-replace-one-character_0;443,59;188,82;1,22;0,28%;23867
MLApproach/correct_benchmarks/csharp-program-arithmetic-operations-delegates_0;500,94;177,58;1,58;0,32%;12585
MLApproach/correct_benchmarks/Trigonometric_functions_0;592,62;205,72;1,40;0,24%;21658
MLApproach/correct_benchmarks/print-even-and-odd-numbers-from-1-to-30-in-c-sharp_0;498,18;196,95;0,66;0,13%;88098
MLApproach/correct_benchmarks/Roots_of_a_function_0;675,90;289,55;2,04;0,30%;20162
MLApproach/correct_benchmarks/Even_or_odd_0;448,04;214,48;1,19;0,27%;32446
MLApproach/correct_benchmarks/assignment-operators-example-in-c-sharp_0;459,05;247,99;1,74;0,38%;20301
MLApproach/correct_benchmarks/csharp-program-class-properties_0;513,55;170,00;1,10;0,21%;23867
MLApproach/correct_benchmarks/csharp-program-divide-by-zero-exception_0;2.274,47;337,41;10,67;0,47%;1000
MLApproach/correct_benchmarks/For_0;460,05;257,63;1,24;0,27%;43141
MLApproach/correct_benchmarks/csharp-program-floyds-numeric_0;492,95;187,28;1,48;0,30%;15961
MLApproach/correct_benchmarks/100_doors_2;552,95;226,43;1,62;0,29%;19584
MLApproach/correct_benchmarks/Display_an_extended_character_0;415,07;254,04;0,62;0,15%;169603
MLApproach/correct_benchmarks/print-backslash-example-in-c-sharp_0;408,11;215,20;1,09;0,27%;38869
MLApproach/correct_benchmarks/Roots_of_a_function_1;667,82;299,56;1,69;0,25%;31378
MLApproach/correct_benchmarks/csharp-program-meter-kilometer-conversion_0;579,21;248,57;1,80;0,31%;19164
MLApproach/correct_benchmarks/Derangements_0;1.027,31;256,43;2,63;0,26%;9475
MLApproach/correct_benchmarks/String_prepend_0;422,77;243,71;1,14;0,27%;45678
MLApproach/correct_benchmarks/csharp-program-count-lines-string_0;498,21;152,31;1,15;0,23%;17631
MLApproach/correct_benchmarks/trim-trailing-spaces-of-string-using-string-trimend-in-c-sharp_0;427,56;239,18;1,26;0,30%;35861
MLApproach/correct_benchmarks/csharp-program-predicate_0;464,36;183,72;1,38;0,30%;17649
MLApproach/correct_benchmarks/Permutations_3;1.024,15;210,66;2,68;0,26%;6161
MLApproach/correct_benchmarks/The_Twelve_Days_of_Christmas_0;603,86;292,20;1,11;0,18%;69029
